"","Materia","ModeIntSiCert","MaxIntSiCert","MeanIntSiCert"
"422","FARMACOLOGIA Y TOXICOLOGIA",3,5,2.48780487804878
"1163","SOCIOANTROPOLOGIA POLITICA",3,3,3
"6","ACTORES SOCIALES MOVIMIENTOS Y SOCIEDAD CIVIL",2,2,1.75
"19","ADQUISICION Y MANIPULACION DE DATOS",2,2,1.63636363636364
"42","ANALISIS DEL TRANSPORTE COMO UN SISTEMA COMPLEJO Y DINAMICO",2,2,2
"82","ATMOSFERA Y CAMBIO CLIMATICO",2,5,2.57142857142857
"1240.1","CALCULO DIFERENCIAL INTEGRAL",2,18,5.5
"174","CORRIENTES LITERARIAS MODERNAS Y CONTEMPORANEAS",2,2,2
"208","DE ALTEPETL AL AYUNTAMIENTO CONSTITUCIONAL. TIERRA Y GOBIERNO DE LOS PUEBLOS",2,2,2
"346","EPIDEMIOLOGIA MOLECULAR",2,3,1.85714285714286
"373","ESTADISTICA: TALLER DE INSTRUMENTACION DEL SPSS",2,2,1.53333333333333
"494","FORMACIONES IMPERIALES CONTEMPORANEAS E IMPERIALISMO",2,2,2
"520","GENOMICA I",2,3,1.76923076923077
"619","HUME",2,2,1.6
"622","IGUALDAD SOCIAL",2,2,2
"690","KARL MARX",2,2,2
"703","LA FENOMENOLOGIA DEL ESPIRITU DE HEGEL II",2,2,2
"873","NOSOLOGIA I",2,4,2.1
"1054","RESOLUCION DE CONFLICTOS SOCIOAMBIENTALES",2,3,2.15384615384615
"1160","SOCIOANTROPOLOGIA DE LA EDUCACION",2,2,1.66666666666667
"1298","WALTER BENJAMIN",2,2,1.66666666666667
"5","ACTORES SOCIALES MOVIMIENTOS SOCIALES Y SOCIEDAD CIVIL. APORTES TEORICOS",1,6,1.29805013927577
"7","ACTORES SOCIALES Y PARTICIPACION EN LA CIUDAD DE MEXICO",1,4,1.25896414342629
"11","ADMINISTRACION DE LA CIUDAD DE MEXICO",1,5,1.24719101123595
"12","ADMINISTRACION DE PROYECTOS",1,5,1.4375
"14","ADMINISTRACION DE PROYECTOS II",1,2,1.125
"15","ADMINISTRACION PARA LA SALUD",1,5,1.37362637362637
"17","ADMINISTRACION Y GESTION EDITORIAL",1,2,1.2
"20","ALEXY Y LA FUNDAMENTACION DE LOS DERECHOS HUMANOS",1,3,1.66666666666667
"21","ALGEBRA LINEAL",1,13,1.76672240802676
"24","ALGEBRA Y GEOMETRIA ANALITICA",1,15,1.67654686921082
"25","ALGEBRA Y GEOMETRIA ANALITICA (INGENIERIA)",1,6,1.64545454545455
"26","ALGEBRA Y GEOMETRIA ANALITICA (SALUD)",1,3,1.30188679245283
"27","AMPLIFICACION Y ACONDICIONAMIENTO DE SEnALES",1,8,1.49056603773585
"28","ANALISIS CUALITATIVO",1,4,1.25
"29","ANALISIS CUANTITATIVO",1,5,1.44086021505376
"30","ANALISIS CULTURAL",1,5,1.2741935483871
"31","ANALISIS CULTURAL Y SOCIAL DE LOS MOVIMIENTOS SOCIALES ACTUALES",1,2,1.14285714285714
"32","ANALISIS DE ALGORITMOS",1,4,1.18
"33","ANALISIS DE DATOS DEL TRANSPORTE",1,5,1.34782608695652
"35","ANALISIS DE LAS INDUSTRIAS CULTURALES",1,6,1.60728744939271
"36","ANALISIS DE POLITICAS PUBLICAS",1,4,1.20634920634921
"37","ANALISIS DE REQUISITOS",1,2,1.0952380952381
"38","ANALISIS DE SEnALES",1,7,1.64985163204748
"39","ANALISIS DE SISTEMAS DINAMICOS",1,6,1.55776892430279
"41","ANALISIS DEL DISCURSO",1,2,1.25
"48","ANALISIS POLITICO CON METODOS CUALITATIVOS",1,6,1.34745762711864
"49","ANALISIS POLITICO CON METODOS CUANTITATIVOS",1,10,1.35940409683426
"50","ANALISIS POLITICO DE COYUNTURA",1,6,1.43926553672316
"57","ANALISIS SOCIOCULTURAL DE LA EDUCACION",1,3,1.08695652173913
"58","ANALISIS Y CRITICA DE LA ETNOGRAFIA",1,2,1.1
"59","ANALISIS Y MODELAMIENTO DE SOFTWARE",1,2,1.1
"62","ANTROPOLOGIA DE LA CULTURA Y EL ARTE",1,9,1.48763250883392
"65","ANTROPOLOGIA FILOSOFICA",1,5,1.63636363636364
"66","ANTROPOLOGIA JURIDICA",1,3,1.28048780487805
"67","APLICACIONES COMPUTACIONALES EN LA PLANEACION Y OPERACION DEL TRANSPORTE",1,2,1.26470588235294
"68","APLICACIONES CON MICROPROCESADORES Y MICROCONTROLADORES",1,5,1.32352941176471
"71","ARGUMENTACION JURIDICA",1,6,1.52586206896552
"74","ARQUITECTURA DE COMPUTADORAS",1,3,1.19512195121951
"75","ARQUITECTURA DE SOFTWARE",1,2,1.27272727272727
"76","ARTE Y COMUNICACION",1,8,1.36507936507937
"79","ASEGURAMIENTO DE LA CALIDAD DEL SOFTWARE",1,2,1.0625
"81","ASPECTOS JURIDICOS Y ORGANIZACIONALES DE LAS EMPRESAS DE TRANSPORTE",1,6,1.5
"83","AUTOMATIZACION DE PROCESOS",1,3,1.10526315789474
"84","BALANCE DE MATERIA Y ENERGIA",1,2,1.33333333333333
"85","BASES DE DATOS",1,3,1.26415094339623
"86","BIENES Y SUCESIONES",1,6,1.33962264150943
"89","BIOESTADISTICA",1,10,1.66161616161616
"90","BIOESTADISTICA I",1,2,1.20454545454545
"91","BIOESTADISTICA II",1,2,1.06818181818182
"93","BIOETICA Y VALORES",1,10,1.50625
"94","BIOINFORMATICA",1,2,1.11764705882353
"95","BIOLOGIA CELULAR",1,7,1.5859375
"96","BIOLOGIA GENERAL",1,3,1.66666666666667
"97","BIOLOGIA MOLECULAR",1,4,1.475
"98","BIOLOGIA MOLECULAR I",1,4,1.57142857142857
"99","BIOLOGIA MOLECULAR II",1,3,1.16666666666667
"102","BIOQUIMICA I",1,6,1.57352941176471
"103","BIOQUIMICA II",1,4,1.27777777777778
"104","BOSQUES Y SELVAS",1,4,1.75
"105","CAD EN INGENIERIA",1,4,1.29133858267717
"107","CALCULO DIFERENCIAL",1,19,1.8326359832636
"111","CALCULO INTEGRAL",1,13,1.77497749774977
"112","CALCULO VECTORIAL",1,9,1.55798319327731
"113","CALCULO Y LABORATORIO DIETETICO I",1,3,1.2
"117","CALIDAD EN LOS SERVICIOS DE TRANSPORTE",1,2,1.13333333333333
"118","CAMBIO Y REPRODUCCION SOCIAL",1,5,1.55045871559633
"120","CELULA I",1,10,1.71953781512605
"122","CELULA II",1,11,1.78881118881119
"123","CELULA II (METABOLISMO Y CODIGO GENETICO)",1,2,1.11111111111111
"1241.1","CH. S. PIERCE",1,2,1.33333333333333
"129","CIENCIA TECNOLOGIA Y SOCIEDAD CONTEMPORANEA",1,3,1.15789473684211
"130","CIENCIA Y SOCIEDAD",1,7,1.53741496598639
"133","CINE E HISTORIA",1,2,1.09090909090909
"136","CIRCUITOS INTEGRADOS ANALOGICOS",1,4,1.30769230769231
"139","CIUDADANIA PARTICIPACION Y REPRESENTACION. APORTES TEORICOS",1,7,1.49049429657795
"142","CLINICA PROCESAL",1,2,1.09090909090909
"148","COMPUTACION I",1,6,1.21686746987952
"149","COMPUTACION II",1,4,1.32758620689655
"150","COMPUTACION MOVIL",1,2,1.14285714285714
"151","COMUNICACION AMBIENTAL",1,2,1.5
"152","COMUNICACION GRAFICA Y DISEnO EDITORIAL",1,9,1.43589743589744
"153","COMUNICACION INTERCULTURAL",1,6,1.53723404255319
"154","COMUNICACION INTERCULTURAL: SU IMPORTANCIA PARA EL TRABAJO EN LA CULTURA Y EL ARTE",1,5,1.40562248995984
"155","COMUNICACION ORGANIZACIONAL E INSTITUCIONAL",1,4,1.34567901234568
"156","COMUNICACION PARA EL DESARROLLO",1,6,1.33540372670807
"158","COMUNICACION POLITICA",1,7,1.36444444444444
"159","COMUNICACION Y EDUCACION",1,6,1.47593582887701
"160","COMUNICACIONES ANALOGICAS Y DIGITALES",1,4,1.34042553191489
"161","COMUNICACIONES Y ELECTRONICA",1,2,1.07142857142857
"163","CONCENTRADORES SWITCHES Y RUTEADORES",1,4,1.82051282051282
"165","CONSTRUCCION Y EVOLUCION DEL SOFTWARE",1,2,1.15789473684211
"166","CONTAMINACION AMBIENTAL Y CAMBIO CLIMATICO",1,3,2
"167","CONTEMPORANEIDAD DE LA CULTURA Y EL ARTE MESOAMERICANO",1,6,1.44402985074627
"168","CONTRATOS",1,6,1.325
"169","CONTROL DE GASES Y TRATAMIENTO DE LIQUIDOS INDUSTRIALES",1,2,1.33333333333333
"170","CONTROL DE ROBOTS",1,3,1.42857142857143
"172","CORRECCION DE ESTILO EDITORIAL",1,3,1.2
"175","CREACION LITERARIA",1,3,1.21875
"177","CRECIMIENTO Y DESARROLLO I",1,7,1.47261663286004
"178","CRECIMIENTO Y DESARROLLO II",1,8,1.44549763033175
"183","CRITICA A LA ILUSTRACION",1,12,1.5340206185567
"185","CRITICA LITERARIA",1,3,1.21212121212121
"186","CUENCAS HIDROLOGICAS Y GESTION AMBIENTAL",1,3,1.3125
"187","CUENTO I",1,7,1.35433070866142
"188","CUENTO II",1,7,1.375
"190","CUENTO III",1,4,1.26027397260274
"191","CUENTO IV",1,4,1.63636363636364
"193","CUERPO HUMANO I",1,10,1.6912209889001
"195","CUERPO HUMANO II",1,10,1.77168949771689
"197","CULTURA CIENTIFICA Y HUMANISTICA I",1,12,1.48499754058042
"198","CULTURA CIENTIFICA Y HUMANISTICA II",1,13,1.61735537190083
"199","CULTURA CIENTIFICA Y HUMANISTICA III",1,11,1.5285350781534
"200","CULTURA Y PODER",1,6,1.38629283489097
"201","CULTURA Y SOCIEDAD",1,4,1.2
"211","DECISION POLITICA Y POLITICAS PUBLICAS",1,11,1.33734939759036
"215","DEL RENACIMIENTO A KANT",1,5,1.4367816091954
"216","DELIMITACIONES DEL OBJETO DE INVESTIGACION JURIDICA",1,4,1.24193548387097
"217","DELITOS EN PARTICULAR",1,6,1.4811320754717
"220","DEMOCRACIA Y AUTORITARISMO EN LAS SOCIEDADES LATINOAMERICANAS CONTEMPORANEAS",1,7,1.43313953488372
"222","DERECHO ADMINISTRATIVO",1,5,1.37974683544304
"223","DERECHO AGRARIO",1,3,1.21212121212121
"224","DERECHO AMBIENTAL",1,3,1.11363636363636
"225","DERECHO CINE Y LITERATURA",1,3,1.21212121212121
"226","DERECHO CONSTITUCIONAL",1,4,1.1875
"227","DERECHO DE AMPARO",1,3,1.21875
"228","DERECHO FISCAL",1,4,1.49565217391304
"229","DERECHO INDIGENA",1,3,1.14285714285714
"230","DERECHO INTERNACIONAL DE LOS DERECHOS HUMANOS",1,3,1.22727272727273
"231","DERECHO INTERNACIONAL PRIVADO",1,5,1.49397590361446
"232","DERECHO INTERNACIONAL PUBLICO",1,6,1.72093023255814
"233","DERECHO LABORAL",1,4,1.36619718309859
"236","DERECHOS DE AUTOR Y DERECHOS CONEXOS",1,2,1.19230769230769
"237","DERECHOS HUMANOS",1,5,1.14457831325301
"241","DESARROLLO URBANO Y TRANSPORTE",1,3,1.35555555555556
"244","DESIGUALDAD SOCIAL Y EXCLUSION",1,3,1.38461538461538
"252","DIETOTERAPIA II",1,2,1.1
"256","DISEnO DE CONTROLADORES",1,3,1.17647058823529
"257","DISEnO DE EXPERIMENTOS EN INGENIERIA DE SOFTWARE",1,2,1.09090909090909
"258","DISEnO DE LIBROS Y REVISTAS",1,3,1.11111111111111
"261","DISEnO DE SOFTWARE",1,2,1.17647058823529
"262","DISEnO Y CONSTRUCCION DE SERVICIOS PARA EL TRANSPORTE",1,6,1.74468085106383
"263","DISEnO Y CREACION DE PRODUCTOS MULTIMEDIA",1,4,1.30188679245283
"265","DISPOSITIVOS ELECTRONICOS I",1,15,1.57894736842105
"266","DISPOSITIVOS ELECTRONICOS II",1,6,1.40116279069767
"267","DIVERSIDAD CULTURAL Y ARTISTICA: APRENDIZAJE Y SENSIBILIZACION",1,8,1.41176470588235
"268","DIVERSIDAD Y SOCIALIZACION",1,4,1.15596330275229
"270","DRAMATURGIA I",1,7,1.2
"271","DRAMATURGIA II",1,2,1.10526315789474
"272","ECOLOGIA Y CAMBIO CLIMATICO",1,4,2
"273","ECONOMIA AMBIENTAL Y DESARROLLO SUSTENTABLE",1,2,1.05263157894737
"274","ECONOMIA DEL SISTEMA TIERRA",1,5,1.57142857142857
"275","ECONOMIA DEL TRANSPORTE URBANO",1,3,1.16
"279","ECONOMIA Y ENERGIA",1,2,1.16666666666667
"1242.1","ECUACIONES DIFERENCIALES ORDINARIAS",1,10,1.58844133099825
"282","ECUACIONES DIFERENCIALES PARCIALES",1,2,1.0952380952381
"285","EDUCACION AMBIENTAL",1,3,2
"296","EL CONOCIMIENTO DE LA REALIDAD SOCIAL",1,8,1.47619047619048
"307","EL PROBLEMA DE LA ALTERIDAD",1,4,1.27350427350427
"308","EL QUIJOTE",1,2,1.1
"313","EL USO DE LA TEORIA",1,4,1.24096385542169
"316","ELECTRICIDAD Y MAGNETISMO",1,7,1.36458333333333
"317","ELECTRONICA ANALOGICA DISCRETA E INTEGRADA",1,5,1.54545454545455
"318","ELECTRONICA APLICADA",1,3,1.16666666666667
"319","ELECTRONICA DE POTENCIA I",1,3,1.29850746268657
"321","ELECTRONICA DIGITAL I",1,9,1.68523676880223
"322","ELECTRONICA DIGITAL II",1,8,1.5
"323","ELECTRONICA PARA TELECOMUNICACIONES",1,4,1.26666666666667
"324","ELECTROTECNIA I",1,6,1.5
"326","ELEMENTOS BASICOS DEL DERECHO",1,4,1.32716049382716
"328","ENERGIA Y AMBIENTE",1,2,1.5
"329","ENERGIA Y AMBIENTE Y SU RELACION CON EL CAMBIO CLIMATICO",1,3,2
"332","ENFOQUES CRITICOS EN COMUNICACION",1,13,1.46200607902736
"1243.1","ENFOQUES ESTRUCTURALISTAS EN COMUNICACION",1,7,1.44042553191489
"335","ENFOQUES FUNCIONALISTAS EN COMUNICACION",1,9,1.56694813027744
"336","ENFOQUES SISTEMICOS EN COMUNICACION",1,9,1.39088729016787
"337","ENSAYISMO LATINOAMERICANO Y TRANSDISCIPLINARIEDAD",1,6,1.44494720965309
"339","ENSAYO LITERARIO",1,4,1.32352941176471
"340","ENSEnANZA DE LA HISTORIA EN LA EDUCACION SECUNDARIA",1,2,1.14285714285714
"341","ENUNCIACION Y VOCES DEL RELATO",1,6,1.46666666666667
"342","ENUNCIADOS ANALITICOS Y SINTETICOS",1,2,1.5
"344","EPIDEMIOLOGIA I",1,3,1.17948717948718
"345","EPIDEMIOLOGIA II",1,3,1.21195652173913
"347","EPISTEMOLOGIA CLASICA DE LA CIENCIA",1,4,1.56666666666667
"349","EPISTEMOLOGIA DE LA HISTORIA",1,4,1.3469387755102
"353","EPISTEMOLOGIA NO-CLASICA DE LA CIENCIA",1,2,1.33333333333333
"356","ERGONOMIA EN EL TRANSPORTE",1,2,1.08333333333333
"363","ESPAnOL SUPERIOR: CATEGORIAS GRAMATICALES",1,3,1.1
"364","ESPAnOL SUPERIOR: PARADIGMAS VERBALES",1,8,1.35714285714286
"365","ESPECIALIDAD EN BASES DE DATOS I",1,3,1.22222222222222
"366","ESPECIALIDAD EN BASES DE DATOS II",1,2,1.16666666666667
"369","ESTADISTICA II",1,2,1.5
"372","ESTADISTICA Y PROBABILIDAD",1,16,1.4982332155477
"375","ESTADO PARTIDOS Y SOCIEDAD CIVIL. APORTES TEORICOS",1,3,1.23493975903614
"376","ESTANDARES EN REDES DE AREA LOCAL Y AMPLIA. TCPIP",1,3,1.24
"377","ESTETICA",1,7,1.42105263157895
"379","ESTETICA LITERARIA CONTEMPORANEA",1,2,1.28571428571429
"381","ESTETICA: INTRODUCCION A LOS PROBLEMAS DE LA ESTETICA Y EL ARTE",1,8,1.475
"382","ESTRUCTURA DE DATOS",1,5,1.42647058823529
"383","ESTRUCTURA SOCIAL DEL MEXICO CONTEMPORANEO",1,8,1.36608863198459
"387","ESTUDIOS CULTURALES",1,7,1.5524861878453
"389","ESTUDIOS CULTURALES EN COMUNICACION",1,6,1.36458333333333
"392","ESTUDIOS POSCOLONIALES Y SUBALTERNOS",1,5,1.3375
"1245.1","ESTUDIOS SOCIALES E HISTORICOS I MOD-I",1,10,1.54771115409413
"1246.1","ESTUDIOS SOCIALES E HISTORICOS II MOD-II",1,17,1.57736389684814
"1247.1","ESTUDIOS SOCIALES E HISTORICOS III MOD-I",1,8,1.51992991677617
"406","ETICA",1,6,1.48888888888889
"407","ETICA CONTEMPORANEA",1,2,1.08333333333333
"408","ETICA Y COMUNICACION",1,6,1.48068669527897
"409","ETICA Y DERECHOS HUMANOS",1,3,1.66666666666667
"416","EVALUACION DE PROYECTOS ENERGETICOS",1,3,1.27272727272727
"417","EVALUACION DEL ESTADO DE NUTRICION",1,4,1.47368421052632
"418","EVOLUCION MOLECULAR",1,4,1.57894736842105
"421","FARMACOLOGIA",1,15,2.16010854816825
"424","FILOSOFIA CLASICA DEL LENGUAJE",1,3,1.28
"425","FILOSOFIA DE LA CIENCIA",1,2,1.5
"426","FILOSOFIA DE LA CULTURA",1,2,1.33333333333333
"427","FILOSOFIA DE LA CULTURA Y EL ARTE",1,8,1.38157894736842
"429","FILOSOFIA DE LA ECONOMIA",1,6,1.54054054054054
"430","FILOSOFIA DE LA EDUCACION",1,3,1.4375
"432","FILOSOFIA DE LA HISTORIA",1,4,1.5
"433","FILOSOFIA DE LA LOGICA",1,5,1.875
"434","FILOSOFIA DE LA MENTE",1,3,1.32142857142857
"435","FILOSOFIA DE LA NATURALEZA",1,2,1.5
"438","FILOSOFIA DE LA RELIGION Y TEODICEA",1,2,1.125
"440","FILOSOFIA DE LAS CIENCIAS SOCIALES",1,2,1.27272727272727
"442","FILOSOFIA DEL DERECHO",1,5,1.34615384615385
"443","FILOSOFIA DEL DERECHO Y DEL ESTADO",1,8,1.75
"446","FILOSOFIA DEL LENGUAJE I",1,2,1.125
"448","FILOSOFIA DEL SIGLO XIX",1,4,1.19354838709677
"450","FILOSOFIA E HISTORIOGRAFIA MODERNAS",1,2,1.19047619047619
"451","FILOSOFIA FEMINISTA",1,3,1.125
"453","FILOSOFIA LATINOAMERICANA",1,3,1.32075471698113
"455","FILOSOFIA MODERNA",1,3,1.21428571428571
"459","FILOSOFIA PARA NInOS",1,2,1.33333333333333
"460","FILOSOFIA POLITICA",1,8,1.65384615384615
"463","FILOSOFIA Y ARTE",1,2,1.125
"468","FILOSOFIAS DE LA HISTORIA",1,3,1.35416666666667
"470","FILOSOFIAS DEL SIGLO XX",1,7,1.57575757575758
"474","FINANZAS PUBLICAS Y PRESUPUESTACION",1,5,1.26395939086294
"475","FISICA DE LA CELULA",1,4,1.4
"1249.1","FISICA GENERAL I",1,4,1.184
"481","FISICA I",1,2,1.35714285714286
"486","FISICOQUIMICA",1,5,1.26829268292683
"487","FISIOPATOLOGIA I",1,2,1.15384615384615
"488","FISIOPATOLOGIA II",1,4,1.69230769230769
"491","FORMACION HISTORICA DE AMERICA LATINA",1,5,1.40322580645161
"492","FORMACION Y COORDINACION DE TALLERES LITERARIOS",1,2,1.07407407407407
"495","FORMAS DE GOBIERNO Y SISTEMAS ELECTORALES EN AMERICA LATINA",1,6,1.25477707006369
"496","FORMULACION Y EVALUACION DE PROYECTOS",1,4,1.42424242424242
"497","FOTOGRAFIA BASICA",1,5,1.32116788321168
"498","FRANCES I",1,5,1.25378787878788
"499","FRANCES II",1,8,1.375
"500","FRANCES III",1,6,1.68333333333333
"504","FUNDAMENTOS CONSTITUCIONALES DEL ESTADO MEXICANO",1,2,1.06382978723404
"505","FUNDAMENTOS DE ADMINISTRACION",1,4,1.22222222222222
"510","FUNDAMENTOS DE MATEMATICAS PARA EL MEDIO AMBIENTE",1,3,1.35
"511","FUNDAMENTOS Y DETERMINANTES DE LA NUTRICION",1,3,1.2258064516129
"513","FUNDAMENTOS Y PROGRAMACION DE LOS CONTROLADORES LOGICOS PROGRAMABLES",1,5,2
"519","GENETICA",1,4,1.22972972972973
"521","GENOMICA II",1,5,2.4
"524","GEOLOGIA FISICA",1,2,1.0625
"528","GESTION AMBIENTAL Y AUDITORIAS PARA EMPRESAS SUSTENTABLES",1,3,2
"529","GESTION CULTURAL",1,6,1.42222222222222
"530","GESTION CULTURAL Y COMUNICACION",1,4,1.34710743801653
"531","GESTION DEL RIESGO CON EQUIDAD DE GENERO Y PARA LOS GRUPOS EN SITUACION DE DESVENTAJA",1,2,1.14285714285714
"1252.1","GLOBALIZACION CONCENTRACION Y NUEVO ORDEN INTERNACIONAL",1,9,1.40489642184557
"542","GOBIERNO Y PODER EN LOS CENTROS URBANOS. EXPERIENCIAS COMPARADAS",1,5,1.32266666666667
"544","GRAMATICA Y CREACION",1,7,1.34959349593496
"546","GUION I",1,5,1.20689655172414
"552","HEIDEGGER",1,2,1.33333333333333
"555","HERMENEUTICA Y FENOMENOLOGIA",1,6,1.43243243243243
"562","HISTORIA DE LA CIUDAD DE MEXICO DEL SIGLO XVIII AL SIGLO XX 1753 A 1928",1,2,1.5
"563","HISTORIA DE LA CIUDAD DE MEXICO SIGLOS XIX Y XX",1,2,1.5
"566","HISTORIA DE LA FILOSOFIA I",1,2,1.23076923076923
"567","HISTORIA DE LA FILOSOFIA II",1,2,1.08333333333333
"568","HISTORIA DE LA FILOSOFIA III",1,4,1.38461538461538
"570","HISTORIA DE LA IDEA DE AMERICA",1,2,1.22222222222222
"572","HISTORIA DE LA LECTURA Y LA ESCRITURA",1,2,1.2
"575","HISTORIA DE LA SALUD EN AMERICA LATINA SIGLOS XIX Y XX",1,2,1.5
"576","HISTORIA DE LAS ARTES",1,5,1.28947368421053
"580","HISTORIA DE LAS IDEAS DE CIENCIA Y TECNOLOGIA",1,4,1.31428571428571
"584","HISTORIA DE LAS IDEAS EDUCATIVAS",1,4,1.17948717948718
"588","HISTORIA DE LAS IDEAS POLITICAS",1,3,1.32142857142857
"589","HISTORIA DE LAS IDEAS RELIGIOSAS",1,3,1.1875
"591","HISTORIA DE MEXICO DEL SIGLO XIX",1,10,1.60869565217391
"592","HISTORIA DE MEXICO DEL SIGLO XX",1,6,1.39316239316239
"595","HISTORIA DEL DERECHO",1,3,1.25925925925926
"597","HISTORIA DEL MEXICO DEL TIEMPO PRESENTE",1,5,1.3010752688172
"600","HISTORIA LATINOAMERICANA DEL SIGLO XIX",1,5,1.35897435897436
"601","HISTORIA LATINOAMERICANA DEL SIGLO XX",1,7,1.56375838926175
"602","HISTORIA LATINOAMERICANA DEL TIEMPO PRESENTE",1,6,1.62068965517241
"603","HISTORIA MUNDIAL DEL SIGLO XIX",1,5,1.48633879781421
"604","HISTORIA MUNDIAL DEL SIGLO XX",1,4,1.55357142857143
"605","HISTORIA MUNDIAL DEL TIEMPO PRESENTE",1,5,1.43243243243243
"607","HISTORIA Y ETICA",1,2,1.5
"612","HISTORIAS DEL TIEMPO PRESENTE",1,4,1.2375
"618","HUMANISMO Y ANTROPOLOGIA",1,2,1.5
"620","IDEAS FILOSOFICAS DEL SIGLO XX",1,2,1.5
"621","IDENTIDADES ETNICAS RELIGIOSAS Y DE GENERO EN LA SOCIEDAD ACTUAL",1,5,1.29449838187702
"623","IMPACTO DE LA GLOBALIZACION EN LOS CENTROS URBANOS. EXPERIENCIAS COMPARADAS",1,6,1.36345381526104
"626","IMPLANTACION DIGITAL DE CONTROLADORES",1,2,1.05555555555556
"628","INFORMATICA EN LAS TELECOMUNICACIONES",1,8,1.64150943396226
"629","INFORMATICA I",1,2,1.17021276595745
"630","INFORMATICA II",1,2,1.5
"631","INGENIERIA DE PAVIMENTOS",1,6,1.56862745098039
"632","INGENIERIA DE PROTEINAS",1,4,2.5
"633","INGENIERIA DE TRANSITO",1,8,1.83132530120482
"634","INGENIERIA DE TRANSPORTE",1,5,1.35897435897436
"635","INGLES I",1,9,1.45366343258615
"636","INGLES II",1,13,1.5935650887574
"637","INGLES III",1,10,1.56501547987616
"640","INMUNOLOGIA",1,3,1.20689655172414
"643","INSTITUCIONES Y GRUPOS SOCIALES",1,3,1.23684210526316
"644","INSTRUMENTACION AVANZADA",1,4,1.40540540540541
"645","INSURGENCIAS EN MEDIO ORIENTE",1,2,1.2
"649","INTERNACIONALIZACION Y GLOBALIZACION. APORTES TEORICOS",1,8,1.35805626598465
"1253.1","INTRODUCCION A LA COMUNICACION I",1,9,1.53324468085106
"659","INTRODUCCION A LA CULTURA",1,2,1.22222222222222
"660","INTRODUCCION A LA CULTURA Y AL ARTE",1,7,1.51351351351351
"662","INTRODUCCION A LA FILOSOFIA",1,10,1.51639344262295
"663","INTRODUCCION A LA FISICA",1,7,1.5020920502092
"666","INTRODUCCION A LA INGENIERIA DE SOFTWARE",1,3,1.26595744680851
"667","INTRODUCCION A LA INGENIERIA EN SISTEMAS",1,7,1.54194630872483
"670","INTRODUCCION A LA INGENIERIA EN SISTEMAS ELECTRONICOS Y DE TELECOMUNICACIONES",1,2,1.38888888888889
"671","INTRODUCCION A LA INGENIERIA EN SISTEMAS ENERGETICOS",1,2,1.14285714285714
"672","INTRODUCCION A LA INVESTIGACION SOCIAL",1,6,1.50641025641026
"673","INTRODUCCION A LA METODOLOGIA DE LA INVESTIGACION",1,7,1.60229445506692
"675","INTRODUCCION A LA POLITICA",1,2,1.33333333333333
"676","INTRODUCCION A LA PROGRAMACION",1,11,1.52448453608247
"677","INTRODUCCION A LA PROMOCION DE LA SALUD",1,8,1.57902973395931
"678","INTRODUCCION A LA PROTECCION CIVIL Y LA GESTION DE RIESGOS",1,2,1.11764705882353
"679","INTRODUCCION A LA PSICOLOGIA",1,2,1.5
"680","INTRODUCCION A LAS TEORIAS DRAMATICAS",1,2,1.125
"689","KANT",1,2,1.16666666666667
"697","LA CONDICION HUMANA: RELACION SER HUMANO NATURALEZA Y CULTURA",1,3,1.07692307692308
"701","LA EXPLICACION EN CIENCIAS SOCIALES",1,6,1.24590163934426
"702","LA FENOMENOLOGIA DE HEGEL I",1,2,1.5
"1254.1","LA INVESTIGACION DE LA PRODUCCION LOS DISCURSOS Y LA RECEPCION DE LOS MEDIOS DE COMUNICACION",1,11,1.45212765957447
"710","LA NARRATIVA ESCRITA POR MUJERES A PARTIR DE UNA HABITACION PROPIA",1,3,1.66666666666667
"714","LA RADIO: MEDIO DE EXPRESION",1,4,1.27490039840637
"722","LABORATORIO DE INVESTIGACION I",1,2,1.1
"724","LABORATORIO DE INVESTIGACION III",1,2,1.2
"729","LAS COSMOVISIONES DE LA CIENCIA Y LAS HUMANIDADES",1,4,1.17142857142857
"734","LECTURA DE TEXTOS EN INGLES I",1,10,1.54625550660793
"735","LECTURA DE TEXTOS EN INGLES II",1,10,1.71003039513678
"736","LECTURA DE TEXTOS EN INGLES III",1,9,1.67764298093588
"737","LEGALIDAD SOCIAL DEL DERECHO",1,3,1.15068493150685
"740","LEGISLACION DEL PATRIMONIO CULTURAL Y ARTISTICO",1,10,1.56214689265537
"741","LEGISLACION SANITARIA",1,9,1.6551724137931
"747","LENGUAJE Y PENSAMIENTO I",1,9,1.60170316301703
"748","LENGUAJE Y PENSAMIENTO II",1,14,1.62998352553542
"749","LENGUAJE Y PENSAMIENTO III",1,11,1.6817880794702
"750","LENGUAJES ARTISTICOS EN EL MEXICO CONTEMPORANEO",1,6,1.39735099337748
"751","LENGUAJES DE PROGRAMACION",1,3,1.53125
"752","LINEAS DE TRANSMISION",1,3,1.2987012987013
"756","LITERATURA ESPAnOLA DE LOS SIGLOS DE ORO",1,2,1.15
"758","LITERATURA EUROPEA MEDIEVAL",1,2,1.16666666666667
"759","LITERATURA GRECOLATINA",1,3,1.12121212121212
"760","LITERATURA INFANTIL",1,3,1.22222222222222
"761","LITERATURA LATINOAMERICANA DE LOS SIGLOS XIX Y XX",1,3,1.17857142857143
"764","LITERATURA MEXICANA DE LA REFORMA Y LA REVOLUCION",1,4,1.66666666666667
"765","LITERATURA MUNDIAL CONTEMPORANEA",1,4,1.33333333333333
"767","LITERATURA Y FRONTERAS",1,2,1.26086956521739
"768","LITERATURAS ANGLOFONAS",1,3,1.3
"769","LITERATURAS DE LA ANTIGUEDAD (MESOPOTAMIA INDIA CHINA EGIPTO Y CANAAN)",1,2,1.125
"777","LOGICA I",1,6,1.50793650793651
"778","LOGICA II",1,3,1.16666666666667
"780","LOGICA MODAL",1,2,1.14285714285714
"784","LOGISTICA",1,4,1.57142857142857
"785","LOS GRANDES PROBLEMAS DE LA ADMINISTRACION EN LAS CIUDADES. EXPERIENCIAS COMPARADAS",1,7,1.29802955665025
"792","MAQUINAS ELECTRICAS II",1,3,1.5
"794","MARCO JURIDICO DE LA ADMINISTRACION PUBLICA",1,6,1.39506172839506
"801","MATEMATICAS DISCRETAS",1,6,1.43915343915344
"802","MATEMATICAS DISCRETAS I",1,2,1.07142857142857
"1255.1","MATEMATICAS I",1,5,1.54929577464789
"805","MECANICA DE FLUIDOS",1,3,1.28571428571429
"1250.1","MECANICA I",1,28,1.66619718309859
"807","MECANICA II",1,14,1.42496050552923
"809","MEDICINA GENOMICA",1,2,1.33333333333333
"811","MEDIO AMBIENTE Y SALUD",1,7,1.58230958230958
"812","MEDIO RADIOFONICO",1,5,1.27596439169139
"814","MEDIOS AUDIOVISUALES",1,4,1.16167664670659
"816","METAFISICA",1,4,2.28571428571429
"818","METODOLOGIA CUALITATIVA",1,7,1.42512077294686
"819","METODOLOGIA CUANTITATIVA",1,9,1.46515151515152
"820","METODOLOGIA DE LA INVESTIGACION",1,3,1.203125
"821","METODOLOGIA DEL ENFOQUE DE SISTEMAS",1,5,1.19607843137255
"825","METODOS DE ANALISIS AUDIOVISUALES",1,2,1.33333333333333
"828","METODOS NUMERICOS",1,7,1.26023391812866
"830","METODOS PARA EL ANALISIS DE PROCESOS DE COMUNICACION INTERPERSONAL",1,4,1.34166666666667
"831","METODOS PARA EL ANALISIS DE PROCESOS SOCIOCULTURALES",1,4,1.36111111111111
"833","METODOS Y TECNICAS DE INVESTIGACION",1,3,1.22222222222222
"835","METRICAS DE SOFTWARE",1,2,1.22222222222222
"836","METROLOGIA E INSTRUMENTACION",1,3,1.52
"837","MEXICO Y AMERICA LATINA EN EL CONTEXTO INTERNACIONAL",1,7,1.45903771131339
"841","MICHEL FOUCAULT",1,2,1.2
"842","MICROBIOLOGIA",1,5,1.46376811594203
"843","MICROPROCESADORES Y PERIFERICOS",1,5,1.6530612244898
"845","MILITARISMO GOLPES DE ESTADO Y RELACIONES CIVICO-MILITARES EN AMERICA LATINA",1,2,1.14285714285714
"847","MITOS MITOLOGIA Y ARQUETIPOS EN LA LITERATURA",1,3,1.14285714285714
"850","MODELACION MATEMATICA Y COMPUTACIONAL I",1,2,1.25
"852","MODELACION Y CONTROL DE TRAFICO",1,7,1.52459016393443
"853","MODELADO DE SISTEMAS FISICOS",1,5,1.43076923076923
"854","MODELOS DE DEMANDA DEL TRANSPORTE",1,5,1.51612903225806
"855","MODELOS DE REDES DE TRANSPORTE",1,5,1.53521126760563
"856","MODELOS DE SISTEMAS URBANOS",1,3,1.54166666666667
"857","MODERNIDAD Y CIENCIAS SOCIALES",1,5,1.56849315068493
"858","MODERNIDAD Y PROCESOS DEL CONOCIMIENTO I",1,2,1.09090909090909
"859","MODERNIDAD Y PROCESOS DEL CONOCIMIENTO II",1,2,1.14285714285714
"861","MORFOFISIOLOGIA I",1,4,1.41666666666667
"862","MORFOFISIOLOGIA II",1,4,1.66666666666667
"866","NARRATIVA EUROPEA Y NORTEAMERICANA DEL SIGLO XX",1,2,1.11764705882353
"867","NARRATIVA MEXICANA CONTEMPORANEA",1,6,1.44444444444444
"868","NIVELES DE GOBIERNO",1,4,1.1989247311828
"871","NORMATIVIDAD EN LAS TELECOMUNICACIONES",1,3,1.31818181818182
"877","NOVELA I",1,9,1.52631578947368
"878","NOVELA II",1,4,1.2258064516129
"880","NOVELA III",1,3,1.4
"881","NOVELA IV",1,2,1.0625
"885","NUEVAS TECNOLOGIAS DE INFORMACION Y COMUNICACION",1,6,1.43055555555556
"887","NUTRICION",1,9,1.53697183098592
"888","NUTRICION COMUNITARIA",1,2,1.06666666666667
"889","NUTRICION EN EL CICLO DE VIDA",1,2,1.1875
"892","OBLIGACIONES",1,5,1.45689655172414
"894","ONTOLOGIA",1,6,1.57142857142857
"895","OPERACION DEL TRANSPORTE",1,4,1.49019607843137
"896","OPERACION DEL TRANSPORTE DE CARGA EN AREAS URBANAS",1,3,1.24137931034483
"897","OPTICA Y ACUSTICA",1,3,1.17142857142857
"900","ORGANIZACION Y AGENTES SOCIALES",1,6,1.42365269461078
"904","PARASITOLOGIA BASICA",1,3,1.66666666666667
"906","PARTICIPACION Y REPRESENTACION EN EL MEXICO CONTEMPORANEO",1,6,1.35388739946381
"908","PATOLOGIA I",1,4,1.17370892018779
"909","PATOLOGIA II",1,3,1.125
"912","PENSAMIENTO CRITICO Y ARGUMENTACION",1,2,1.08333333333333
"913","PENSAMIENTO HISTORICO LATINOAMERICANO",1,8,1.5625
"914","PENSAMIENTO ISLAMICO-LATINO",1,4,1.43859649122807
"920","PERIODISMO",1,3,1.21739130434783
"1257.1","PERIODISMO DE INVESTIGACION Y PERIODISMO LITERARIO",1,3,1.14634146341463
"923","PERIODISMO ESCRITO: GENEROS INFORMATIVOS",1,5,1.28108108108108
"924","PERIODISMO LITERARIO Y DE INVESTIGACION",1,5,1.54491017964072
"925","PERSONA Y FAMILIA",1,5,1.36764705882353
"928","PLAN DE COMUNICACION",1,4,1.34090909090909
"929","PLANEACION CON PARTICIPACION EN LA CIUDAD DE MEXICO",1,12,1.33454545454545
"930","PLANEACION DE LA COMUNICACION",1,7,1.31034482758621
"931","PLANEACION DE LA COMUNICACION DE RIESGOS",1,2,1.14285714285714
"932","PLANEACION DEL USO DEL SUELO Y ORDENAMIENTO TERRITORIAL",1,2,1.5
"940","POESIA CONTEMPORANEA EN AMERICA LATINA",1,2,1.33333333333333
"1258.1","POESIA EUROPEA DE LOS SIGLOS XIX Y XX",1,2,1.22222222222222
"944","POESIA I",1,3,1.17592592592593
"945","POESIA II",1,4,1.29032258064516
"947","POESIA III",1,3,1.19047619047619
"948","POESIA IV",1,4,1.57142857142857
"949","POESIA MEXICANA CONTEMPORANEA",1,2,1.23076923076923
"950","POLITICA AMBIENTAL",1,4,1.72727272727273
"952","POLITICA ECONOMICA Y DISTRIBUTIVA",1,4,1.17241379310345
"956","POLITICA SOCIAL Y GESTION DE RIESGOS",1,2,1.33333333333333
"958","POLITICAS CULTURALES",1,8,1.47511312217195
"959","POLITICAS Y PLANES DE SALUD",1,10,1.45652173913043
"963","PRACTICA FOTOGRAFICA",1,5,1.40609137055838
"964","PRACTICAS PROFESIONALES",1,2,1.28571428571429
"968","PRIMERAS FILOSOFIAS",1,3,1.31147540983607
"969","PRIMERAS ONTOLOGIAS",1,6,1.45454545454545
"972","PROBABILIDAD I",1,3,1.33333333333333
"975","PROBABILIDAD Y ESTADISTICA (CIENCIAS AMBIENTALES Y CAMBIO CLIMATICO)",1,3,1.46666666666667
"978","PROBLEMAS CONTEMPORANEOS DE ETICA",1,2,1.22222222222222
"1260.1","PROBLEMAS DE HISTORIA CONTEMPORANEOS I",1,3,1.21311475409836
"1261.1","PROBLEMAS DE LA PRODUCCION Y REPRODUCCION CULTURAL",1,9,1.70517928286853
"990","PROBLEMAS JURIDICOS CONTEMPORANEOS",1,3,1.17699115044248
"991","PROBLEMAS SOCIOCULTURALES DE AMERICA LATINA",1,2,1.5
"992","PROCESAMIENTO DIGITAL DE SEnALES",1,6,1.5207100591716
"999","PROCESOS EN PARTICULAR",1,4,1.24
"1001","PROCESOS SOCIOHISTORICOS I",1,2,1.125
"1002","PROCESOS SOCIOHISTORICOS II",1,2,1.0625
"1005","PRODUCCION DE REVISTAS LITERARIAS",1,3,1.27272727272727
"1006","PRODUCCION EDITORIAL",1,6,1.24242424242424
"1007","PRODUCTO COMUNICATIVO",1,4,1.29192546583851
"1009","PROGRAMACION DE SISTEMAS",1,2,1.09302325581395
"1262.1","PROGRAMACION ORIENTADA A OBJETOS (PROGRAMACION C++)",1,4,1.31818181818182
"1013","PROGRAMACION WEB",1,3,1.42857142857143
"1263.1","PROMOCION DE LA SALUD I",1,9,1.50909090909091
"1016","PROMOCION DE LA SALUD II",1,8,1.64643799472296
"1017","PROMOCION Y DIFUSION DE LA LITERATURA",1,4,1.2
"1018","PROPAGACION Y ANTENAS",1,4,1.31958762886598
"1020","PROTEOMICA",1,2,1.5
"1023","PROYECTOS CULTURALES",1,8,1.34375
"1024","PROYECTOS DE TELECOMUNICACIONES",1,3,1.24358974358974
"1027","PSICOLOGIA DE LA CULTURA Y EL ARTE",1,6,1.47844827586207
"1264.1","PSICOLOGIA SOCIAL I",1,10,1.38432835820896
"1030","PSICOLOGIA SOCIAL II",1,5,1.38345864661654
"1032","PUBLICIDAD Y PROPAGANDA",1,5,1.34267912772586
"1033","PUEBLOS ORIGINARIOS EN LA CIUDAD DE MEXICO",1,3,1.25
"1034","QUIMICA DE LA CELULA",1,14,1.90182328190743
"1035","QUIMICA GENERAL",1,10,1.68595041322314
"1037","QUIMICA I",1,2,1.1
"1038","QUIMICA INORGANICA",1,3,1.27551020408163
"1039","QUIMICA ORGANICA",1,3,1.32142857142857
"1041","QUIMICA ORGANICA GENERAL",1,4,1.42857142857143
"1042","RADIOCOMUNICACIONES",1,5,1.26923076923077
"1045","REDACCION CREATIVA I",1,2,1.06060606060606
"1046","REDES DE COMPUTADORAS",1,2,1.18181818181818
"1048","REGIMEN DE COMERCIO EXTERIOR",1,3,1.19512195121951
"1049","REGIMEN JURIDICO DEL DISTRITO FEDERAL",1,3,1.25396825396825
"1265.1","SALUD COMUNITARIA I",1,6,1.35855263157895
"1060","SALUD COMUNITARIA II",1,6,1.31472081218274
"1061","SALUD COMUNITARIA III",1,5,1.30935251798561
"1062","SALUD PUBLICA I",1,4,1.20792079207921
"1063","SALUD PUBLICA II",1,7,1.30674846625767
"1064","SALUD PUBLICA III",1,9,1.63220675944334
"1066","SANEAMIENTO AMBIENTAL",1,7,1.28859060402685
"1075","SEGURIDAD EN REDES DE AREA LOCAL Y AMPLIA",1,4,1.19047619047619
"1077","SEMANTICA",1,2,1.14285714285714
"1079","SEMINARIO DE DISEnO DE PROYECTOS DE TITULACION",1,4,1.31632653061224
"1080","SEMINARIO DE ELABORACION DE TRABAJOS RECEPCIONALES",1,2,1.5
"1083","SEMINARIO DE INVESTIGACION",1,5,1.32947976878613
"1084","SEMINARIO DE INVESTIGACION I",1,8,1.59212598425197
"1085","SEMINARIO DE INVESTIGACION II",1,8,1.37406483790524
"1087","SEMINARIO DE TESIS",1,4,1.39130434782609
"1089","SEMINARIO DE TESIS I: PROYECTO DE INVESTIGACION",1,5,1.3963963963964
"1090","SEMINARIO DE TESIS II",1,2,1.1
"1091","SEMINARIO DE TESIS II: PROCESO DE INVESTIGACION",1,8,1.64788732394366
"1092","SEMINARIO DE TESIS III: BORRADOR DE TESIS",1,6,1.33962264150943
"1097","SEMINARIO DE TITULACION",1,4,1.23463687150838
"1109","SENSORES Y ACTUADORES",1,4,1.70833333333333
"1266.1","SENTIDO Y SIGNIFICACION SOCIAL",1,7,0
"1116","SHAKESPEARE",1,3,1.35714285714286
"1118","SIGNIFICACION CULTURA Y ARTE",1,8,1.5625
"1124","SISTEMA NO JURISDICCIONAL DE LOS DERECHOS HUMANOS",1,3,1.24528301886792
"1125","SISTEMA POLITICO MEXICANO; DIVISION O CONCENTRACION DE PODERES",1,7,1.46737481031866
"1127","SISTEMAS DE CALIDAD EN LAS TELECOMUNICACIONES",1,4,1.4
"1128","SISTEMAS DE COMUNICACIONES OPTICAS",1,4,1.30645161290323
"1129","SISTEMAS DE INFORMACION GEOGRAFICA",1,5,1.62068965517241
"1130","SISTEMAS DE INFORMACION GEOGRAFICA PARA EL ANALISIS DEL CLIMA Y MEDIO AMBIENTE",1,3,2
"1131","SISTEMAS DE MICROONDAS",1,2,1.10526315789474
"1132","SISTEMAS DE POTENCIA",1,4,1.3
"1133","SISTEMAS DE PROTECCION ASISTENCIA Y REHABILITACION DE LA SALUD",1,8,1.51038575667656
"1136","SISTEMAS DE TELEFONIA CELULAR",1,3,1.45
"1137","SISTEMAS DE TELEVISION",1,3,1.31428571428571
"1138","SISTEMAS DE TRANSPORTE ELECTRICO",1,2,1.1304347826087
"1140","SISTEMAS DISTRIBUIDOS",1,4,1.52631578947368
"1141","SISTEMAS ELECTRONICOS ANALOGICOS",1,4,1.29940119760479
"1142","SISTEMAS ELECTRONICOS DIGITALES",1,5,1.5
"1147","SISTEMAS INALAMBRICOS DE TRANSMISION DE DATOS",1,3,1.29166666666667
"1148","SISTEMAS INTELIGENTES DE TRANSPORTE",1,3,1.23333333333333
"1149","SISTEMAS MOTRICES",1,2,1.19047619047619
"1150","SISTEMAS OPERATIVOS",1,2,1.1875
"1152","SISTEMAS TELEFONICOS",1,4,1.38333333333333
"1154","SOCIALIZACION Y PROYECCION DE LA CULTURA Y EL ARTE",1,7,1.43243243243243
"1162","SOCIOANTROPOLOGIA FILOSOFICA DEL LENGUAJE EPISTEMOLOGICO EN LA TEORIA SOCIAL CONTEMPORANEA",1,2,1.25
"1165","SOCIOLOGIA DE LA CULTURA Y EL ARTE",1,7,1.51171875
"1166","SOCIOLOGIA DE LA LITERATURA",1,3,1.29032258064516
"1168","SOCIOLOGIA JURIDICA",1,5,1.41964285714286
"1173","SUSTENTABILIDAD Y TRANSPORTE URBANO",1,3,1.33333333333333
"1174","TALLER DE ANALISIS DE ARGUMENTOS",1,8,1.40625
"1176","TALLER DE ANALISIS DEL DISCURSO LITERARIO",1,2,1.05263157894737
"1180","TALLER DE ANALISIS POLITICO I",1,3,1.22222222222222
"1183","TALLER DE ARTES ESCENICAS I",1,3,1.11111111111111
"1184","TALLER DE ARTES ESCENICAS II",1,3,1.44444444444444
"1185","TALLER DE ARTES ESCENICAS III",1,2,1.2
"1187","TALLER DE ARTES LITERARIAS I",1,5,1.33333333333333
"1188","TALLER DE ARTES LITERARIAS II",1,2,1.06666666666667
"1189","TALLER DE ARTES LITERARIAS III",1,4,1.43478260869565
"1191","TALLER DE ARTES POPULARES I",1,7,1.3921568627451
"1192","TALLER DE ARTES POPULARES II",1,4,1.19512195121951
"1193","TALLER DE ARTES POPULARES III",1,2,1.07407407407407
"1195","TALLER DE ARTES VISUALES I",1,7,1.29936305732484
"1196","TALLER DE ARTES VISUALES II",1,3,1.30434782608696
"1197","TALLER DE ARTES VISUALES III",1,2,1.21875
"1201","TALLER DE ELABORACION DE TESIS",1,3,1.29824561403509
"1203","TALLER DE GESTION CULTURAL",1,4,1.33333333333333
"1204","TALLER DE HERMENEUTICA CRITICA",1,2,1.22222222222222
"1208","TALLER DE INVESTIGACION HISTORICA",1,4,1.2625
"1210","TALLER DE LENGUAJE COMUNICACION Y CULTURA",1,6,1.32504780114723
"1211","TALLER DE LENGUAJE Y COMUNICACION I",1,2,1.04761904761905
"1212","TALLER DE METODOS CUALITATIVOS",1,8,1.51851851851852
"1214","TALLER DE PENSAMIENTO CRITICO",1,3,1.125
"1217","TALLER DE PROBLEMAS DE LA GESTION CULTURAL",1,6,1.28448275862069
"1218","TALLER DE PROBLEMAS DE LA PROMOCION CULTURAL",1,2,1.03448275862069
"1219","TALLER DE PROMOCION CULTURAL",1,3,1.16666666666667
"1220","TALLER DE PROYECTOS CULTURALES I",1,2,1.25
"1222","TALLER DE PROYECTOS DE INVESTIGACION",1,6,1.52040816326531
"1224","TALLER DE TEORIA Y METODOS CUANTITATIVOS",1,6,1.53086419753086
"1225","TALLER DE TESIS",1,4,1.3125
"1226","TECNICAS ARTISTICAS",1,8,1.30857142857143
"1228","TECNICAS AVANZADAS DE CONTROL",1,2,1.14285714285714
"1229","TECNICAS CUANTITATIVAS PARA TRANSPORTE",1,3,1.5
"1230","TECNICAS DE PRUEBAS DE SOFTWARE",1,3,1.22222222222222
"1242","TEORIA CRITICA",1,3,1.16666666666667
"1243","TEORIA DE CONJUNTOS",1,2,1.2
"1245","TEORIA DE LA COMPUTACION",1,3,1.16279069767442
"1248","TEORIA DE LA NORMA PENAL",1,5,1.3953488372093
"1250","TEORIA DE LA ORGANIZACION EN EL CONTEXTO GLOBAL",1,10,1.33081285444234
"1253","TEORIA DE LOS CIRCUITOS",1,11,1.91762013729977
"1254","TEORIA DE LOS CIRCUITOS (ENERGIA)",1,4,1.5
"1256","TEORIA DEL CONOCIMIENTO",1,5,1.4952380952381
"1257","TEORIA DEL ESTADO",1,5,1.48175182481752
"1258","TEORIA DEL FLUJO DE TRAFICO",1,5,1.70833333333333
"1259","TEORIA ECONOMICA DEL TRANSPORTE",1,4,1.27173913043478
"1260","TEORIA ELECTROMAGNETICA",1,7,1.33980582524272
"1261","TEORIA GENERAL DE LOS DERECHOS HUMANOS",1,5,1.22916666666667
"1262","TEORIA GENERAL DEL PROCESO",1,5,1.33628318584071
"1263","TEORIA LITERARIA Y ANALISIS DE TEXTOS LITERARIOS ESCENICOS CINEMATOGRAFICOS Y DE TV",1,2,1.08695652173913
"1267","TEORIA POLITICA I",1,13,1.88921933085502
"1268","TEORIA POLITICA II",1,15,1.82658959537572
"1269","TEORIA POLITICA III",1,10,1.81387478849408
"1270","TEORIA POLITICA MODERNA",1,2,1.3
"1272","TEORIA Y SOCIOLOGIA DEL CONOCIMIENTO",1,4,1.48648648648649
"1273","TEORIAS DE LA HISTORIA E HISTORIOGRAFIAS DESPUES DE 1940",1,3,1.26153846153846
"1274","TEORIAS DE LA HISTORIA E HISTORIOGRAFIAS HASTA 1940",1,6,1.39097744360902
"1276","TEORIAS LITERARIAS DEL SIGLO XX",1,3,1.28571428571429
"1277","TEORIAS SOCIALES DEL RIESGO Y LOS DESASTRES",1,2,1.42857142857143
"1280","TERMODINAMICA Y FLUIDOS",1,8,1.49378881987578
"1282","TESIS",1,5,1.38129496402878
"1284","TOPOLOGIAS Y DISEnO DE REDES",1,4,1.34285714285714
"1292","USO DE LA TEORIA",1,3,1.59090909090909
"1294","VIDEO EXPERIMENTAL",1,7,1.36
"1301","XML 1",1,2,1.07692307692308
